<?xml version="1.0" encoding="UTF-8"?>
<monster name="Pirate Cutthroat" nameDescription="a pirate cutthroat" race="blood" experience="175" speed="230" manacost="495">
	<health now="325" max="325"/>
	<look type="96" corpse="6080"/>
	<targetchange interval="5000" chance="8"/>
	<strategy attack="100" defense="0"/>
	<flags>
		<flag summonable="0"/>
		<flag attackable="1"/>
		<flag hostile="1"/>
		<flag illusionable="0"/>
		<flag convinceable="1"/>
		<flag pushable="1"/>
		<flag canpushitems="1"/>
		<flag canpushcreatures="0"/>
		<flag staticattack="90"/>
		<flag targetdistance="1"/>
		<flag runonhealth="0"/>
	</flags>
	<attacks>
		<attack name="melee" interval="2000" skill="75" attack="40"/>
		<attack name="fire" interval="1500" chance="34" range="1" radius="1" target="1" min="-0" max="-90">
			<attribute key="areaEffect" value="explosion"/>
		</attack>
	</attacks>
	<defenses armor="25" defense="23"/>
	<elements>
		<element earthPercent="18"/>
		<element holyPercent="17"/>
		<element deathPercent="-7"/>
		<element firePercent="-9"/>
		<element icePercent="-11"/>
	</elements>
	<immunities>
		<immunity invisible="1"/>
	</immunities>
	<voices interval="5000" chance="10">
		<voice sentence="Give up!"/>
		<voice sentence="Hiyaa!"/>
		<voice sentence="Plundeeeeer!"/>
	</voices>
	<loot>
		<item id="2148" countmax="48" chance="15000"/><!-- gold coin -->
		<item id="2376" chance="10000"/><!-- sword -->
		<item id="2483" chance="2600"/><!-- scale armor -->
		<item id="2509" chance="3300"/><!-- steel shield -->
		<item id="1987" chance="100000"><!-- bag -->
			<inside>
				<item id="6126" chance="600"/><!-- peg leg -->
				<item id="6097" chance="600"/><!-- hook -->
				<item id="6098" chance="600"/><!-- eye patch -->
				<item id="5792" chance="50"/><!-- dice -->
				<item id="5918" chance="1250"/><!-- pirate knee breeches -->
				<item id="5553" chance="120"/><!-- rum flask -->
				<item id="5710" chance="200"/><!-- light shovel -->
				<item id="5091" chance="1000"/><!-- treasure map -->
				<item id="5927" chance="1000"/><!-- pirate bag -->
			</inside>
		</item>
	</loot>
</monster>
