<?xml version="1.0" encoding="UTF-8"?>
<monster name="Colerian The Barbarian" nameDescription="colerian the barbarian" race="blood" experience="90" speed="190">
	<health now="265" max="265"/>
	<look type="253" head="76" body="115" legs="115" feet="43" corpse="7349"/>
	<strategy attack="100" defense="0"/>
	<flags>
		<flag pushable="0"/>
		<flag canpushitems="1"/>
		<flag staticattack="100"/>
	</flags>
	<attacks>
		<attack name="melee" interval="2000" skill="20" attack="40"/>
		<attack name="physical" interval="1000" chance="80" range="5" radius="1" target="1" min="0" max="-40">
			<attribute key="shootEffect" value="piercingbolt"/>
		</attack>
	</attacks>
	<defenses armor="19" defense="20"/>
	<elements>
		<element energyPercent="20"/>
		<element earthPercent="-20"/>
	</elements>
	<voices interval="2000" chance="5">
		<voice sentence="Flee, coward!"/>
		<voice sentence="You will lose!"/>
		<voice sentence="Yeehaawh"/>
	</voices>
</monster>
