<?xml version="1.0" encoding="UTF-8"?>
<monster name="Frostfur" nameDescription="frostfur" race="blood" experience="35" speed="170">
	<health now="65" max="65"/>
	<look type="52" corpse="7349"/>
	<targetchange interval="2000" chance="5"/>
	<strategy attack="100" defense="0"/>
	<flags>
		<flag staticattack="78"/>
	</flags>
	<attacks>
		<attack name="melee" interval="2000" skill="10" attack="30"/>
	</attacks>
	<defenses armor="2" defense="3"/>
	<elements>
		<element firePercent="20"/>
		<element energyPercent="-10"/>
	</elements>
</monster>
