<?xml version="1.0" encoding="UTF-8"?>
<monster name="Ghoul" nameDescription="a ghoul" race="blood" experience="85" speed="144" manacost="450">
	<health now="100" max="100"/>
	<look type="18" corpse="5976"/>
	<targetchange interval="2000" chance="0"/>
	<strategy attack="100" defense="0"/>
	<flags>
		<flag summonable="1"/>
		<flag attackable="1"/>
		<flag hostile="1"/>
		<flag illusionable="1"/>
		<flag convinceable="1"/>
		<flag pushable="0"/>
		<flag canpushitems="1"/>
		<flag canpushcreatures="0"/>
		<flag targetdistance="1"/>
		<flag staticattack="90"/>
		<flag runonhealth="0"/>
	</flags>
	<attacks>
		<attack name="melee" interval="2000" skill="40" attack="28"/>
		<attack name="lifedrain" interval="1000" chance="12" range="1" min="-15" max="-25"/>
	</attacks>
	<defenses armor="8" defense="17">
		<defense name="healing" interval="1000" chance="13" min="9" max="15">
			<attribute key="areaEffect" value="blueshimmer"/>
		</defense>
	</defenses>
	<elements>
		<element deathPercent="100"/>
		<element energyPercent="20"/>
		<element earthPercent="20"/>
		<element icePercent="10"/>
		<element holyPercent="-25"/>
	</elements>
	<immunities>
		<immunity lifedrain="1"/>
		<immunity paralyze="1"/>
		<immunity invisible="1"/>
	</immunities>
	<loot>
		<item id="2148" countmax="30" chance="34750"/><!-- gold coin -->
		<item id="2460" chance="19250"/><!-- brass helmet -->
		<item id="5913" chance="1000"/><!-- brown piece of cloth -->
		<item id="2403" chance="15250"/><!-- knife -->
		<item id="1987" chance="100000"><!-- bag -->
			<inside>
		<item id="2168" chance="200"/><!-- life ring -->
		<item id="2483" chance="2900"/><!-- scale armor -->
		<item id="2229" countmax="2" chance="1500"/><!-- skull -->
		<item id="2050" chance="57850"/><!-- torch -->
		<item id="2473" chance="5800"/><!-- viking helmet -->
		<item id="3976" countmax="6" chance="47500"/><!-- worm -->
			</inside>
		</item>
	</loot>
</monster>
