<?xml version="1.0" encoding="UTF-8"?>
<monster name="Chakoya Toolshaper" nameDescription="a chakoya toolshaper" race="blood" experience="40" speed="270" manacost="0">
	<health now="80" max="80"/>
	<look type="259" corpse="7320"/>
	<targetchange interval="60000" chance="0"/>
	<strategy attack="100" defense="0"/>
	<flags>
		<flag summonable="0"/>
		<flag attackable="1"/>
		<flag hostile="1"/>
		<flag illusionable="0"/>
		<flag convinceable="0"/>
		<flag pushable="0"/>
		<flag canpushitems="1"/>
		<flag staticattack="50"/>
		<flag lightlevel="0"/>
		<flag lightcolor="0"/>
		<flag targetdistance="1"/>
		<flag runonhealth="0"/>
	</flags>
	<attacks>
		<attack name="melee" interval="2000" skill="25" attack="20"/>
		<attack name="physical" interval="1000" chance="34" range="7" radius="3" target="1" min="-5" max="-15">
			<attribute key="shootEffect" value="snowball"/>
		</attack>
	</attacks>
	<defenses armor="30" defense="30"/>
	<elements>
		<element icePercent="100"/>
		<element firePercent="40"/>
		<element holyPercent="10"/>
		<element energyPercent="-15"/>
		<element deathPercent="-5"/>
	</elements>
	<voices interval="2000" chance="5">
		<voice sentence="Chikuva!!"/>
		<voice sentence="Jinuma jamjam!"/>
		<voice sentence="Suvituka siq chuqua!"/>
		<voice sentence="Kiyosa sipaju!"/>
	</voices>
	<loot>
		<item id="2148" countmax="29" chance="20000"/><!-- gold coin -->
		<item id="2666" chance="22500"/><!-- meat -->
		<item id="2667" countmax="2" chance="10000"/><!-- fish -->
		<item id="2398" chance="9000"/><!-- mace-->
		<item id="2553" chance="7500"/><!-- pick -->
		<item id="2541" chance="7000"/><!-- bone shield -->
		<item id="1987" chance="100000"><!-- bag -->
			<inside>
		<item id="7381" chance="2500"/><!-- mammoth whopper -->
		<item id="7441" chance="1000"/><!-- ice cube -->
		<item id="7159" chance="900"/><!-- green perch -->
		<item id="2669" chance="700"/><!-- northern pike -->
		<item id="7158" chance="750"/><!-- rainbow trout -->
			</inside>
		</item>
	</loot>
</monster>
