<?xml version="1.0" encoding="utf-8"?>
<monster name="Centipede" namedescription="a centipede" race="venom" experience="30" speed="195" manacost="335">
	<health now="70" max="70"/>
	<look type="124" corpse="6050"/>
	<targetchange interval="5000" chance="8"/>
	<strategy attack="100" defense="0"/>
	<flags>
		<flag summonable="1"/>
		<flag attackable="1"/>
		<flag hostile="1"/>
		<flag illusionable="1"/>
		<flag convinceable="1"/>
		<flag pushable="1"/>
		<flag canpushitems="1"/>
		<flag canpushcreatures="0"/>
		<flag targetdistance="1"/>
		<flag staticattack="90"/>
		<flag runonhealth="0"/>
	</flags>
	<attacks>
		<attack name="melee" interval="2000" skill="20" attack="30" poison="22"/>
	</attacks>
	<defenses armor="4" defense="3"/>
	<elements>
		<element earthPercent="100"/>
		<element icePercent="20"/>
		<element energyPercent="10"/>
		<element firePercent="-15"/>
	</elements>
	<loot>
		<item id="2148" countmax="17" chance="38500"/><!-- gold coin -->
		<item id="1987" chance="100000"><!-- bag -->
			<inside>
				<item id="2398" chance="4500"/><!-- mace -->
				<item id="2376" chance="4000"/><!-- sword -->
			</inside>
		</item>
	</loot>
</monster>
