<?xml version="1.0" encoding="UTF-8"?>
<monster name="Mutated Bat" nameDescription="a mutated bat" race="blood" experience="615" speed="245" manacost="0">
	<health now="900" max="900"/>
	<look type="307" corpse="9829"/>
	<targetchange interval="5000" chance="8"/>
	<strategy attack="100" defense="0"/>
	<flags>
		<flag summonable="0"/>
		<flag attackable="1"/>
		<flag hostile="1"/>
		<flag illusionable="0"/>
		<flag convinceable="0"/>
		<flag pushable="0"/>
		<flag canpushitems="1"/>
		<flag canpushcreatures="1"/>
		<flag targetdistance="1"/>
		<flag staticattack="90"/>
		<flag runonhealth="0"/>
	</flags>
	<attacks>
		<attack name="melee" interval="2000" skill="60" attack="50" poison="300"/>
		<attack name="earth" interval="2000" chance="18" range="7" min="90" max="-180">
			<attribute key="shootEffect" value="poison"/>
		</attack>
		<attack name="drown" interval="1000" chance="8" target="0" radius="6" min="-40" max="-100">
			<attribute key="areaEffect" value="whitenote"/>
		</attack>
		<attack name="drunk" interval="1000" chance="8" target="0" radius="6" duration="15000">
			<attribute key="areaeffect" value="yellownote"/>
		</attack>
	</attacks>
	<defenses armor="30" defense="30"/>
	<immunities>
		<immunity death="1"/>
		<immunity earth="1"/>
		<immunity drown="1"/>
		<immunity invisible="1"/>
		<immunity drunk="1"/>
	</immunities>
	<voices interval="2500" chance="10">
	</voices>
	<loot>
		<item id="2148" countmax="60" chance="43500"/><!-- gold coin -->
		<item id="2148" countmax="51" chance="43500"/><!-- gold coin -->
		<item id="5894" countmax="2" chance="4000"/><!-- bat wing -->
		<item id="2513" chance="7300"/><!-- battle shield -->
		<item id="2144" countmax="3" chance="1000"/><!-- black pearl -->
		<item id="2529" chance="7300"/><!-- black shield -->
		<item id="2167" chance="900"/><!-- energy ring -->
		<item id="2800" chance="10000"/><!-- longsword -->
		<item id="2800" chance="7400"/><!-- obsidian lance -->
		<item id="2800" chance="7950"/><!-- rusty armor -->
		<item id="1987" chance="100000"><!-- bag -->
			<inside>
				<item id="2800" chance="9900"/><!-- short sword -->
				<item id="2800" chance="5000"/><!-- rusty armor -->
				<item id="2150" countmax="2" chance="500"/><!-- small amethyst -->
				<item id="2800" chance="5200"/><!-- star herb -->
				<item id="7386" chance="100"/><!-- mercenary sword -->		
				<item id="10016" chance="100"/><!-- batwing hat -->

			</inside>
		</item>
	</loot>
</monster>
