<?xml version="1.0" encoding="UTF-8"?>
<monster name="Goblin Scavenger" nameDescription="a goblin scavenger" race="blood" experience="37" speed="220" manacost="310">
	<health now="60" max="60"/>
	<look type="297" corpse="6002"/>
	<targetchange interval="5000" chance="8"/>
	<strategy attack="100" defense="0"/>
	<flags>
		<flag summonable="1"/>
		<flag attackable="1"/>
		<flag hostile="1"/>
		<flag illusionable="1"/>
		<flag convinceable="1"/>
		<flag pushable="1"/>
		<flag canpushitems="0"/>
		<flag canpushcreatures="0"/>
		<flag targetdistance="1"/>
		<flag staticattack="90"/>
		<flag runonhealth="10"/>
	</flags>
	<attacks>
		<attack name="melee" interval="2000" skill="10" attack="15"/>
		<attack name="physical" interval="1000" chance="9" range="7" min="-0" max="-29">
			<attribute key="shootEffect" value="smallstone"/>
		</attack>
		<attack name="lifedrain" interval="3000" chance="10" range="7" min="-10" max="-30">
			<attribute key="shootEffect" value="suddendeath"/>
			<attribute key="areaEffect" value="mortarea"/>
		</attack>
	</attacks>
	<defenses armor="8" defense="10"/>
	<elements>
		<element energyPercent="20"/>
		<element holyPercent="20"/>
		<element earthPercent="-10"/>
		<element deathPercent="-5"/>
	</elements>
	<voices interval="5000" chance="10">
		<voice sentence="Shiny, Shiny!"/>
		<voice sentence="You mean!"/>
		<voice sentence="All mine!"/>
		<voice sentence="Uhh!"/>
	</voices>
	<loot>
		<item id="2148" countmax="9" chance="31500"/><!-- gold coin -->
		<item id="1294" countmax="4" chance="9000"/><!-- small stone -->
		<item id="2379" chance="22500"/><!-- dagger -->
		<item id="2230" chance="15000"/><!-- bone -->
		<item id="2559" chance="14250"/><!-- small axe -->
		<item id="2667" chance="12500"/><!-- fish -->
		<item id="2461" chance="12500"/><!-- leather helmet -->
		<item id="1987" chance="100000"><!-- bag -->
			<inside>
		<item id="2235" chance="6000"/><!-- moldy cheese -->
		<item id="2406" chance="8200"/><!-- short sword -->
		<item id="2467" chance="4000"/><!-- leather armor -->
		<item id="2449" chance="8000"/><!-- bone club -->	
			</inside>
		</item>
	</loot>
</monster>

