<?xml version="1.0" encoding="UTF-8"?>
<monster name="Dwarf Soldier" nameDescription="a dwarf soldier" race="blood" experience="70" speed="170" manacost="360">
	<health now="135" max="135"/>
	<look type="71" corpse="6014"/>
	<targetchange interval="5000" chance="8"/>
	<strategy attack="100" defense="0"/>
	<flags>
		<flag summonable="1"/>
		<flag attackable="1"/>
		<flag hostile="1"/>
		<flag illusionable="1"/>
		<flag convinceable="1"/>
		<flag pushable="0"/>
		<flag canpushitems="1"/>
		<flag canpushcreatures="0"/>
		<flag targetdistance="1"/>
		<flag staticattack="90"/>
		<flag runonhealth="0"/>
	</flags>
	<attacks>
		<attack name="melee" interval="2000" skill="60" attack="20"/>
		<attack name="physical" interval="3000" chance="13" range="7" min="-20" max="-40">
			<attribute key="shootEffect" value="bolt"/>
		</attack>
	</attacks>
	<defenses armor="9" defense="20"/>
	<elements>
		<element earthPercent="75"/>
		<element firePercent="-5"/>
		<element deathPercent="-5"/>
	</elements>
	<voices interval="5000" chance="10">
		<voice sentence="Hail Durin!"/>
	</voices>
	<loot>
		<item id="2148" countmax="8" chance="12000"/><!-- gold coin -->
		<item id="2148" countmax="7" chance="12000"/><!-- gold coin -->
		<item id="2543" countmax="7" chance="20000"/><!-- bolt -->
		<item id="2787" countmax="3" chance="20000"/><!-- white mushroom -->
		<item id="2554" chance="11250"/><!-- shovel -->
		<item id="2481" chance="10000"/><!-- soldier helmet -->
		<item id="2464" chance="8500"/><!-- chain armor -->
		<item id="1987" chance="100000"><!-- bag -->
			<inside>
		<item id="7363" countmax="3" chance="1500"/><!-- piercing bolt -->
		<item id="2378" chance="3500"/><!-- battle axe -->
		<item id="2455" chance="3400"/><!-- crossbow -->
		<item id="2525" chance="2500"/><!-- dwarven shield -->
		<item id="2208" chance="360"/><!-- axe ring -->
		<item id="5880" chance="300"/><!-- iron ore -->
		<item id="2213" chance="500"/><!-- dwarven ring -->
			</inside>
		</item>
	</loot>
</monster>
