<?xml version="1.0" encoding="UTF-8"?>
<monster name="Mad Scientist" nameDescription="a mad scientist" race="blood" experience="205" speed="220" manacost="0">
	<health now="325" max="325"/>
	<look type="133" head="97" body="0" legs="38" feet="97" addons="1" corpse="6080"/>
	<targetchange interval="5000" chance="30"/>
	<strategy attack="100" defense="0"/>
	<flags>
		<flag summonable="0"/>
		<flag attackable="1"/>
		<flag hostile="1"/>
		<flag illusionable="0"/>
		<flag convinceable="0"/>
		<flag pushable="0"/>
		<flag canpushitems="1"/>
		<flag canpushcreatures="1"/>
		<flag targetdistance="1"/>
		<flag staticattack="90"/>
		<flag runonhealth="0"/>
	</flags>
	<attacks>
		<attack name="melee" interval="2000" skill="25" attack="20"/>
		<attack name="lifedrain" interval="1000" chance="35" range="7" min="-20" max="-60">
			<attribute key="shootEffect" value="energy"/>
			<attribute key="areaEffect" value="poff"/>
		</attack>
		<attack name="energy strike" interval="2000" chance="25" min="0" max="-30"/>
		<attack name="speed" interval="3000" chance="10" range="7" target="1" duration="2000" speedchange="-300">			
			<attribute key="areaEffect" value="redshimmer"/>		
		</attack> 
	</attacks>
	<defenses armor="15" defense="20">
		<defense name="healing" interval="1000" chance="25" min="10" max="30">
			<attribute key="areaEffect" value="blueshimmer"/>
		</defense>
	</defenses>
	<elements>
		<element firePercent="10"/>
		<element earthPercent="20"/>
		<element energyPercent="20"/>
		<element icePercent="10"/>
		<element holyPercent="20"/>
		<element deathPercent="-15"/>
	</elements>
	<immunities>
		<immunity invisible="1"/>
	</immunities>
	<voices interval="3000" chance="10">
		<voice sentence="Die in the name of Science!"/>
		<voice sentence="You will regret interrupting my studies!"/>
		<voice sentence="Let me test this!"/>
		<voice sentence="I will study your corpse!"/>
	</voices>
	<loot>
		<item id="2148" countmax="70" chance="17500"/><!-- gold coin -->
		<item id="2148" countmax="50" chance="17500"/><!-- gold coin -->
		<item id="7620" chance="18000"/><!-- mana potion -->
		<item id="7618" chance="23500"/><!-- health potion -->
		<item id="2787" countmax="3" chance="5000"/><!-- white mushroom -->
		<item id="2308" chance="7750"/><!-- powder herb -->
		<item id="2177" chance="2700"/><!-- life crystal -->
		<item id="1987" chance="100000"><!-- bag -->
			<inside>
				<item id="2162" chance="3000"/><!-- magic lightwand -->
				<item id="7762" chance="700"/><!-- small enchanted amethyst -->		
				<item id="6324" chance="350"/><!-- cream cake -->
				<item id="2687" countmax="5" chance="500"/><!-- cookie -->
				<item id="2190" chance="200"/><!-- wand of vortex -->
				<item id="7440" chance="1500"/><!-- mastermind potion -->
			</inside>
		</item>
	</loot>
</monster>
