<?xml version="1.0" encoding="UTF-8"?>
<monster name="Dipthrah" nameDescription="a dipthrah" race="undead" experience="2900" speed="320" manacost="0">
	<health now="4200" max="4200"/>
	<look type="87" corpse="6031"/>
	<targetchange interval="5000" chance="8"/>
	<strategy attack="100" defense="0"/>
	<flags>
		<flag summonable="0"/>
		<flag attackable="1"/>
		<flag hostile="1"/>
		<flag illusionable="0"/>
		<flag convinceable="0"/>
		<flag pushable="0"/>
		<flag canpushitems="1"/>
		<flag canpushcreatures="1"/>
		<flag targetdistance="1"/>
		<flag staticattack="90"/>
		<flag runonhealth="0"/>
	</flags>
	<attacks>
		<attack name="melee" interval="2000" skill="40" attack="80" poison="65"/>
		<attack name="lifedrain" interval="4000" chance="20" range="1" min="-100" max="-800"/>
		<attack name="manadrain" interval="2000" chance="15" range="7" min="-100" max="-500">
			<attribute key="areaEffect" value="redshimmer"/>
		</attack>
		<attack name="speed" interval="1000" chance="15" range="7" speedchange="-650" duration="50000">
			<attribute key="areaEffect" value="redshimmer"/>
		</attack>
		<attack name="drunk" interval="1000" chance="12" radius="7" target="0">
			<attribute key="areaEffect" value="bluebubble"/>
		</attack>
		<attack name="melee" interval="3000" chance="34" radius="3" target="0" min="-50" max="-600">
			<attribute key="areaEffect" value="bluebubble"/>
		</attack>
	</attacks>
	<defenses armor="25" defense="25">
		<defense name="healing" interval="1000" chance="25" min="100" max="200">
			<attribute key="areaEffect" value="blueshimmer"/>
		</defense>
	</defenses>
	<elements>
		<element physicalPercent="100"/>
		<element deathPercent="100"/>
		<element icePercent="30"/>
	</elements>
	<immunities>
		<immunity invisible="1"/>
	</immunities>
	<summons maxSummons="4">
		<summon name="Priestess" interval="2000" chance="15" max="3"/>
	</summons>
	<voices interval="5000" chance="10">
		<voice sentence="Come closer to learn the final lesson."/>
		<voice sentence="You can't escape death forever."/>
	</voices>
	<loot>
		<item id="2148" countmax="80" chance="50000"/><!-- gold coin -->
		<item id="2148" countmax="80" chance="50000"/><!-- gold coin -->
		<item id="2146" countmax="3" chance="7000"/><!-- small sapphire -->
		<item id="7590" chance="7000"/><!-- great mana potion -->
		<item id="2167" chance="7000"/><!-- energy ring -->
		<item id="1987" chance="100000"><!-- bag -->
			<inside>
		<item id="2178" chance="1500"/><!-- mind stone-->
		<item id="2158" chance="1500"/><!-- blue gem -->
		<item id="2193" chance="500"/><!-- ankh -->
		<item id="2436" chance="500"/><!-- skull staff -->
		<item id="2446" chance="300"/><!-- pharaoh sword -->
		<item id="2354" chance="100000"/><!-- ornamented ankh -->
			</inside>
		</item>
	</loot>
</monster>
