<?xml version="1.0" encoding="UTF-8"?>
<monster name="Orchid Frog" nameDescription="a orchid frog" race="blood" experience="20" speed="230" manacost="0">
	<health now="60" max="60"/>
	<look type="226" head="109" body="14" legs="109" feet="114" corpse="6079"/>
	<targetchange interval="5000" chance="20"/>
	<strategy attack="100" defense="0"/>
	<flags>
		<flag summonable="0"/>
		<flag attackable="1"/>
		<flag hostile="1"/>
		<flag illusionable="0"/>
		<flag convinceable="0"/>
		<flag pushable="1"/>
		<flag canpushitems="0"/>
		<flag canpushcreatures="0"/>
		<flag staticattack="90"/>
		<flag targetdistance="1"/>
		<flag runonhealth="0"/>
	</flags>
	<attacks>
		<attack name="melee" interval="2000" skill="10" attack="25"/>
	</attacks>
	<defenses armor="2" defense="3"/>
	<loot>
		<item id="2148" countmax="11" chance="31500"/><!-- gold coin -->
		<item id="3976" chance="10000"/><!-- worm -->
	</loot>
</monster>
