<?xml version="1.0" encoding="UTF-8"?>
<monster name="Hunter" nameDescription="a hunter" race="blood" experience="150" speed="215" manacost="0">
	<health now="150" max="150"/>
	<look type="129" head="95" body="116" legs="121" feet="115" corpse="6080"/>
	<targetchange interval="5000" chance="8"/>
	<strategy attack="100" defense="0"/>
	<flags>
		<flag summonable="0"/>
		<flag attackable="1"/>
		<flag hostile="1"/>
		<flag illusionable="1"/>
		<flag convinceable="1"/>
		<flag pushable="0"/>
		<flag canpushitems="1"/>
		<flag canpushcreatures="0"/>
		<flag targetdistance="4"/>
		<flag staticattack="90"/>
		<flag runonhealth="10"/>
	</flags>
	<attacks>
		<attack name="melee" interval="2000" skill="10" attack="20"/>
		<attack name="physical" interval="2000" chance="50" range="7" min="-50" max="-100">
			<attribute key="shootEffect" value="arrow"/>
		</attack>
	</attacks>
	<defenses armor="8" defense="10"/>
	<elements>
		<element holyPercent="20"/>
		<element physicalPercent="-20"/>
	</elements>
	<voices interval="5000" chance="10">
		<voice sentence="Guess who we're hunting, haha!"/>
		<voice sentence="Guess who we are hunting!"/>
		<voice sentence="Bullseye!"/>
		<voice sentence="You'll make a nice trophy!"/>
	</voices>
	<loot>
		<item id="2545" countmax="2" chance="12500"/><!-- poison arrow -->
		<item id="2544" countmax="24" chance="9000"/><!-- arrow -->
		<item id="2675" countmax="2" chance="22500"/><!-- orange -->
		<item id="2690" countmax="2" chance="7975"/><!-- roll -->
		<item id="2050" chance="20000"/><!-- torch -->
		<item id="1987" chance="100000"><!-- bag -->
			<inside>
				<item id="2465" chance="7000"/><!-- brass armor -->
				<item id="2461" chance="12500"/><!-- leather helmet -->
				<item id="2649" chance="11750"/><!-- leather legs -->
				<item id="2456" chance="30000"/><!-- bow -->
				<item id="2460" chance="8750"/><!-- brass helmet -->
				<item id="2201" chance="900"/><!-- dragon necklace -->
				<item id="2546" countmax="3" chance="2000"/><!-- burst arrow -->
				<item id="7394" chance="300"/><!-- wolf trophy -->
				<item id="7400" chance="300"/><!-- lion trophy -->
				<item id="5875" chance="250"/><!-- sniper gloves -->
				<item id="2147" chance="100"/><!-- small ruby -->		
			</inside>
		</item>
	</loot>
</monster>
