<?xml version="1.0" encoding="UTF-8"?>
<monster name="Plaguesmith" nameDescription="a plaguesmith" race="blood" experience="4500" speed="260" manacost="0">
	<health now="8250" max="8250"/>
	<look type="247" corpse="6516"/>
	<targetchange interval="5000" chance="8"/>
	<strategy attack="100" defense="0"/>
	<flags>
		<flag summonable="0"/>
		<flag attackable="1"/>
		<flag hostile="1"/>
		<flag illusionable="1"/>
		<flag convinceable="0"/>
		<flag pushable="0"/>
		<flag canpushitems="1"/>
		<flag canpushcreatures="1"/>
		<flag targetdistance="1"/>
		<flag staticattack="90"/>
		<flag runonhealth="500"/>
	</flags>
	<attacks>
		<attack name="melee" interval="1500" skill="90" attack="100"/>
		<attack name="melee" interval="2000" chance="20" range="7" radius="4" target="0" min="-60" max="-150">
			<attribute key="areaEffect" value="poison"/>
		</attack>
		<attack name="poison" interval="3000" chance="17" length="4" spread="3" min="-200" max="-350">
			<attribute key="areaEffect" value="yellowbubble"/>
		</attack>
		<attack name="speed" interval="2000" chance="20" range="1" target="0" speedchange="-800" duration="30000">
			<attribute key="areaEffect" value="poison"/>
		</attack>
	</attacks>
	<defenses armor="25" defense="25">
		<defense name="healing" interval="1000" chance="50" min="75" max="125">
			<attribute key="areaEffect" value="blueshimmer"/>
		</defense>
		<defense name="speed" interval="1000" chance="19" speedchange="400" duration="6000">
			<attribute key="areaEffect" value="redshimmer"/>
		</defense>
	</defenses>
	<elements>
		<element earthPercent="100"/>
		<element firePercent="40"/>
		<element icePercent="30"/>
		<element deathPercent="20"/>
		<element energyPercent="-10"/>
		<element holyPercent="-10"/>
	</elements>
	<immunities>
		<immunity paralyze="1"/>
		<immunity invisible="1"/>
	</immunities>
	<voices interval="3000" chance="30">
		<voice sentence="You are looking a bit feverish today!"/>
		<voice sentence="Hachoo!"/>
		<voice sentence="Cough Cough!"/>
	</voices>
	<loot>
		<item id="2148" countmax="70" chance="50000"/><!-- gold coin -->
		<item id="2148" countmax="75" chance="50000"/><!-- gold coin -->
		<item id="2148" countmax="85" chance="50000"/><!-- gold coin -->
		<item id="2208" chance="4750"/><!-- axe ring -->
		<item id="2417" chance="20000"/><!-- battle hammer -->
		<item id="2209" chance="4500"/><!-- club ring -->
		<item id="6500" chance="10000"/><!-- demonic essence -->
		<item id="2237" chance="60000"/><!-- dirty cape -->
		<item id="7591" chance="10000"/><!-- great health potion -->
		<item id="2444" chance="600"/><!-- hammer of wrath -->
		<item id="2477" chance="6000"/><!-- knight legs -->
		<item id="2235" chance="50000"/><!-- moldy cheese -->
		<item id="2394" chance="27200"/><!-- morning star-->
		<item id="7365" countmax="3" chance="5250"/><!-- onyx arrow -->
		<item id="1987" chance="100000"><!-- bag -->
			<inside>
		<item id="5889" chance="1250"/><!-- piece of dragonian steel -->
		<item id="5888" chance="1250"/><!-- piece of hell steel -->
		<item id="5887" chance="1250"/><!-- piece of royal steel -->
		<item id="2225" chance="20000"/><!-- piece of iron -->
		<item id="2152" countmax="3" chance="5000"/><!-- platinum coin -->
		<item id="9808" chance="7750"/><!-- rusty armor-->
		<item id="2134" chance="1850"/><!-- silver brooch -->
		<item id="2150" countmax="3" chance="3000"/><!-- small amethyst -->
		<item id="5944" chance="11000"/><!-- soul orb -->
		<item id="2645" chance="1225"/><!-- steel boots -->
		<item id="2509" chance="21000"/><!-- steel shield -->
		<item id="2377" chance="21500"/><!-- two handed sword -->
		<item id="2391" chance="2500"/><!-- war hammer -->
		<item id="3957" chance="200"/><!-- war horn -->
		<item id="2127" chance="200"/><!-- emerald bangle -->

			</inside>
		</item>
	</loot>
</monster>
